hwm_id,stateName,countyName,height_above_gnd,elev_ft,hwm_environment,latitude,longitude
33861,NC,Moore County,4.82,283.14,Riverine,35.2636,-79.35898
34175,NC,Stanly County,2.09,261.8,Riverine,35.16685,-80.21086
33863,NC,Scotland County,3.75,260.42,Riverine,35.02268,-79.44272
33865,NC,Scotland County,4.65,229.11,Riverine,34.88425,-79.4518
33721,NC,Scotland County,0.28,212.42,Riverine,34.77937,-79.46189
34173,NC,Anson County,5.23,206.61,Riverine,35.08265,-79.99938
34114,NC,Richmond County,4.34,199.83,Riverine,35.11139,-79.90636
33755,NC,Scotland County,2.3,197.43,Riverine,34.770414,-79.447674
33720,NC,Scotland County,2.03,193.88,Riverine,34.81744,-79.42359
33837,NC,Scotland County,2.1,193.08,Riverine,34.7522241,-79.5162699
33939,NC,Robeson County,0.4,189.93,Riverine,34.74724,-79.21343
33707,NC,Scotland County,4.4,189.42,Riverine,34.772862,-79.3337624
33744,NC,Scotland County,4.69,188.56,Riverine,34.7716295,-79.3344678
33696,NC,Robeson County,5.25,187.13,Riverine,34.76581,-79.33315
33833,NC,Scotland County,2,186.22,Riverine,34.7821111,-79.527557
33576,SC,Chesterfield County,0,184.16,Riverine,34.703,-79.947
33695,NC,Robeson County,1.39,181.1,Riverine,34.82076,-79.17916
33697,NC,Robeson County,1.44,174.54,Riverine,34.71847,-79.30569
33533,NC,Cumberland County,3.45,168.06,Riverine,35.1861926,-79.0157895
33752,SC,Lee County,3.51,166.65,Riverine,34.2238095,-80.2166715
33751,SC,Lee County,1.61,166.61,Riverine,34.2238095,-80.2166715
33753,SC,Lee County,1.6,166.59,Riverine,34.2238095,-80.2166715
33610,SC,Darlington County,0.35,165.25,Riverine,34.38547,-80.06412
33726,NC,Robeson County,1.31,165.24,Riverine,34.69441,-79.25693
33608,SC,Darlington County,2.15,165.22,Riverine,34.38851,-80.06368
33603,SC,Darlington County,3,164.34,Riverine,34.386,-80.063
33531,NC,Cumberland County,8.9,161.24,Riverine,35.193238,-78.987375
33724,NC,Robeson County,2.6,161.01,Riverine,34.67929,-79.23817
33510,NC,Cumberland County,1,160.86,Riverine,35.1940704,-78.9853602
33754,SC,Lee County,2.84,160.19,Riverine,34.1953021,-80.1827056
33522,NC,Cumberland County,1.33,160.14,Riverine,35.1971703,-78.9888122
33931,NC,Robeson County,3.82,157.24,Riverine,34.6813,-79.11787
33508,NC,Cumberland County,5.38,155.21,Riverine,35.1998591,-78.9602956
33572,SC,Chesterfield County,1,154,Riverine,34.695,-79.904
34149,NC,Duplin County,0,153.99,Riverine,34.996061,-78.10872
33606,SC,Darlington County,2.9,153.9,Riverine,34.392,-80.03
33728,NC,Robeson County,0.96,153.62,Riverine,34.659906,-79.210949
33803,NC,Richmond County,3.87,150.62,Riverine,34.97974,-79.85744
33932,NC,Robeson County,0.33,148.15,Riverine,34.66908,-79.12067
34150,NC,Duplin County,1.9,142.78,Riverine,35.002861,-78.087788
33761,NC,Robeson County,0.96,142.04,Riverine,34.62719,-79.16663
34163,NC,Cumberland County,2.95,141.01,Riverine,35.034333,-78.974837
33505,NC,Cumberland County,8.06,139.3,Riverine,35.216282,-78.935229
33869,NC,Robeson County,1.25,135.34,Riverine,34.63115,-79.00777
33930,NC,Robeson County,3.75,135.27,Riverine,34.69676,-79.08585
33991,NC,Johnston County,5,132.75,Riverine,35.32964,-78.418311
33867,NC,Robeson County,0,132.16,Riverine,34.632545,-78.997332
33878,NC,Duplin County,0,131.89,Riverine,35.151398,-78.146029
33981,NC,Johnston County,3,129.81,Riverine,35.361503,-78.392997
33732,NC,Robeson County,3.69,129.62,Riverine,34.60697,-79.09983
33985,NC,Johnston County,5,129.42,Riverine,35.343599,-78.419992
33883,NC,Sampson County,4.5,127.84,Riverine,35.16896,-78.180599
33760,NC,Robeson County,3.58,127.1,Riverine,34.62176,-79.08915
33934,NC,Robeson County,5.38,126.85,Riverine,34.655554,-79.071089
33756,NC,Robeson County,1.19,126.57,Riverine,34.613544,-79.074945
33796,NC,Robeson County,2.58,126.57,Riverine,34.64216,-79.00588
33797,NC,Robeson County,2.87,126.47,Riverine,34.65506,-79.00233
33933,NC,Robeson County,4.69,126.39,Riverine,34.62632,-79.07327
33955,NC,Wayne County,9,126.13,Riverine,35.194233,-77.899078
33782,NC,Robeson County,3.15,126.12,Riverine,34.647621,-79.012246
33757,NC,Robeson County,5.28,126,Riverine,34.62057,-79.06226
33759,NC,Robeson County,3.16,125.73,Riverine,34.63266,-79.05537
33758,NC,Robeson County,5.45,125.67,Riverine,34.62755,-79.05866
33548,NC,Harnett County,2.1,125.5,Riverine,35.406473,-78.814966
33799,NC,Robeson County,4.15,125.35,Riverine,34.65608,-79.01202
33862,NC,Duplin County,1.1,125.18,Riverine,35.12307,-78.152134
33731,NC,Robeson County,0.58,122.37,Riverine,34.62148,-79.05506
33729,NC,Robeson County,2.24,120.77,Riverine,34.62417,-79.0457
33999,NC,Johnston County,6.5,120.29,Riverine,35.30178,-78.35993
33762,NC,Robeson County,2.32,119.52,Riverine,34.62,-79.04447
34090,NC,Robeson County,1.72,119.49,Riverine,34.62509,-79.03866
33813,NC,Robeson County,1.83,118.71,Riverine,34.61713,-79.00954
33956,NC,Wayne County,6.5,118.12,Riverine,35.19062,-77.870766
33588,NC,Johnston County,4.4,117.78,Riverine,35.515411,-78.348437
33996,NC,Johnston County,2.5,117.7,Riverine,35.33436,-78.396627
33584,NC,Johnston County,2.3,117.38,Riverine,35.5122467,-78.3501356
33854,NC,Robeson County,1.08,116.56,Riverine,34.60845,-79.03267
33763,NC,Robeson County,1.08,116.02,Riverine,34.62828,-79.02746
33975,NC,Johnston County,5,116.01,Riverine,35.380436,-78.401486
33764,NC,Robeson County,1.46,115.8,Riverine,34.62132,-79.01479
33853,NC,Robeson County,1.77,115.76,Riverine,34.603365,-79.026058
33855,NC,Robeson County,1.51,115.68,Riverine,34.59103,-79.0298
33850,NC,Robeson County,1.89,115.65,Riverine,34.60975,-79.01871
33765,NC,Robeson County,1.14,115.61,Riverine,34.6144,-79.01585
33817,NC,Robeson County,2.26,115.48,Riverine,34.61025,-79.00188
33847,NC,Robeson County,2.6,115.12,Riverine,34.60034,-79.0091
33810,NC,Robeson County,2.25,114.28,Riverine,34.60551,-78.99339
34043,NC,Wayne County,5,114.05,Riverine,35.1841,-77.9371
33974,NC,Johnston County,5,113.25,Riverine,35.404744,-78.384474
33831,NC,Robeson County,2.45,112.89,Riverine,34.58646,-79.00543
33928,NC,Wayne County,9,112.74,Riverine,35.25412,-78.11378
33914,NC,Duplin County,7,112.39,Riverine,35.048281,-78.029825
34017,NC,Johnston County,7,112.36,Riverine,35.338807,-78.363364
33822,NC,Robeson County,2.78,111.57,Riverine,34.591678,-78.984034
33827,NC,Robeson County,3.18,111.2,Riverine,34.58023,-78.99583
33972,NC,Johnston County,2.5,110.86,Riverine,35.400594,-78.374261
33567,SC,Chesterfield County,1.8,109.9,Riverine,34.705,-79.896
33971,NC,Johnston County,5,108.96,Riverine,35.406818,-78.368354
33578,SC,Chesterfield County,1.69,108.79,Riverine,34.70434,-79.89574
33901,NC,Duplin County,4.5,108.75,Riverine,35.08343,-78.090023
33957,NC,Wayne County,7.5,108.29,Riverine,35.184431,-77.872024
33667,SC,Dillon County,7.72,107.05,Riverine,34.474167,-79.378889
33570,SC,Chesterfield County,2.73,105.24,Riverine,34.70613,-79.89565
33646,SC,Dillon County,0.66,105.15,Riverine,34.48783,-79.39414
33601,NC,Wayne County,0.25,105.05,Riverine,35.32172,-77.83219
33575,SC,Chesterfield County,2.75,104.98,Riverine,34.70784,-79.89471
33550,NC,Harnett County,1.36,104.96,Riverine,35.314178,-78.692012
33552,NC,Harnett County,2.2,104.94,Riverine,35.3111989,-78.6944146
33561,SC,Marlboro County,1.65,103.51,Riverine,34.716,-79.864
33562,SC,Marlboro County,1.1,103.51,Riverine,34.716,-79.864
33565,SC,Marlboro County,1.55,103.4,Riverine,34.722,-79.861
33897,NC,Duplin County,5,103.13,Riverine,35.122543,-78.093153
33566,SC,Chesterfield County,3.05,103.04,Riverine,34.70899,-79.90012
33574,SC,Chesterfield County,1.81,103.01,Riverine,34.70872,-79.89529
33573,NC,Wayne County,0.25,102.27,Riverine,35.322181,-77.833649
34077,NC,Sampson County,2.72,102.02,Riverine,34.998048,-78.643247
34075,NC,Sampson County,1.2,101.01,Riverine,34.99623,-78.643012
33926,NC,Robeson County,1.86,100.76,Riverine,34.58229,-78.87364
33544,NC,Lenoir County,0.5,100.26,Riverine,35.312007,-77.798608
33959,NC,Wayne County,3,100.22,Riverine,35.16883,-77.871664
33718,SC,Chesterfield County,3.19,99.56,Riverine,34.649,-79.886
33556,NC,Lenoir County,0.5,99.55,Riverine,35.3122,-77.79973
33536,NC,Cumberland County,2.53,99.05,Riverine,35.0661463,-78.8911244
33960,NC,Duplin County,10,98.17,Riverine,35.152582,-77.851238
33506,NC,Cumberland County,4.49,97.84,Riverine,34.9695662,-78.9353504
33800,SC,Florence County,0.76,97.76,Riverine,33.9829398,-79.891924
34014,NC,Johnston County,8,97.76,Riverine,35.350858,-78.303388
34005,NC,Johnston County,6,97.4,Riverine,35.36848,-78.307603
34124,NC,Cumberland County,1.46,97.21,Riverine,35.021828,-78.805621
33795,SC,Florence County,0.64,97.2,Riverine,33.9829398,-79.891924
33546,NC,Cumberland County,3.27,95.9,Riverine,35.063175,-78.888732
33585,SC,Darlington County,4.28,95.45,Riverine,34.3,-79.83556
33514,NC,Cumberland County,1.62,93.53,Riverine,34.9608799,-78.9419533
33665,SC,Dillon County,2.4,93.26,Riverine,34.40472,-79.33444
33535,NC,Wayne County,1.46,93.24,Riverine,35.40067,-77.9575
33579,NC,Lenoir County,1,92.81,Riverine,35.299021,-77.7964
33639,SC,Dillon County,1.49,92.64,Riverine,34.4053,-79.3403
33577,NC,Lenoir County,0,92.6,Riverine,35.297523,-77.798919
33513,NC,Cumberland County,2.14,92.2,Riverine,34.961645,-78.9243248
33749,SC,Darlington County,4.66,91.73,Riverine,34.51279,-79.86391
33746,SC,Darlington County,4.15,91.34,Riverine,34.51354,-79.86315
33872,NC,Robeson County,0.46,91.14,Riverine,34.49995,-78.93859
33705,SC,Dillon County,0.86,89.03,Riverine,34.37194,-79.35889
33924,NC,Robeson County,0.74,88.74,Riverine,34.4804,-78.87836
33534,NC,Wayne County,4,87.9,Riverine,35.38593,-77.956546
33735,SC,Chesterfield County,3.58,87.75,Riverine,34.554,-79.856
33875,NC,Robeson County,2.8,87.47,Riverine,34.47662,-78.9695
33511,NC,Cumberland County,1.42,87.29,Riverine,34.9663799,-78.9171345
33712,SC,Dillon County,1.51,86.41,Riverine,34.348333,-79.349444
34171,NC,Cumberland County,0.51,86.07,Riverine,35.044773,-78.877685
33719,NC,Cumberland County,4.65,85.88,Riverine,35.012996,-78.829144
33717,NC,Cumberland County,3.39,85.56,Riverine,35.05441,-78.87916
33866,NC,Bladen County,4.31,85.53,Riverine,34.48861,-78.65054
33722,SC,Marlboro County,2.91,84.97,Riverine,34.531,-79.83
33881,NC,Robeson County,1.67,84.97,Riverine,34.4439,-78.96172
33641,NC,Sampson County,2.92,84.82,Riverine,34.915926,-78.5514807
33640,NC,Cumberland County,5.85,84.76,Riverine,34.9134491,-78.55332724
33889,NC,Columbus County,2.8,84.55,Riverine,34.4397,-78.95343
33859,NC,Bladen County,2.12,84.05,Riverine,34.487998,-78.65157
33791,NC,Onslow County,0.8,83.9,Riverine,34.8342,-77.580073
33512,NC,Wayne County,0.41,81.81,Riverine,35.42691,-78.01758
34166,NC,Cumberland County,5.55,81.63,Riverine,35.059998,-78.867476
34167,NC,Cumberland County,2.64,81.59,Riverine,35.04822,-78.871761
33693,NC,Cumberland County,2.73,81.55,Riverine,35.047994,-78.859588
34165,NC,Cumberland County,7.2,81.45,Riverine,35.052794,-78.873009
33750,SC,Marlboro County,1.69,80.53,Riverine,34.53507,-79.73169
33896,NC,Columbus County,2.35,77.64,Riverine,34.3889,-78.97767
33524,NC,Wayne County,0.41,77.34,Riverine,35.375728,-77.961807
33808,SC,Florence County,2.95,77.32,Riverine,34.0343998,-79.7903675
33521,NC,Wayne County,0.58,77.17,Riverine,35.360298,-77.975548
34104,NC,Columbus County,4.65,76.59,Riverine,34.157475,-78.856483
33708,SC,Dillon County,0.64,76.24,Riverine,34.34944,-79.16556
33807,NC,Lenoir County,3.5,76.21,Riverine,35.126205,-77.583649
34840,NC,Columbus County,2.41,74.88,Riverine,34.14593,-78.868567
33918,SC,Florence County,2.8,74.39,Riverine,34.244,-79.736
33509,NC,Wayne County,1.72,74.23,Riverine,35.405381,-78.022587
33518,NC,Wayne County,0.37,73.9,Riverine,35.385409,-78.037678
33917,SC,Florence County,4.17,73.83,Riverine,34.243,-79.739
33503,NC,Wayne County,0.83,73.13,Riverine,35.378963,-78.010596
33502,NC,Wayne County,0.57,73.1,Riverine,35.342089,-78.041553
33916,SC,Florence County,2.3,72.2,Riverine,34.244,-79.732
33520,NC,Wayne County,0.68,71.36,Riverine,35.339583,-78.030802
33515,NC,Wayne County,0.44,70.53,Riverine,35.35355,-78.007
34130,NC,Cumberland County,5.13,69.59,Riverine,34.89775,-78.810318
33517,NC,Wayne County,0.69,69.58,Riverine,35.3482,-77.99481
33519,NC,Wayne County,0,69.2,Riverine,35.348886,-77.980361
33899,NC,Columbus County,2.19,68.35,Riverine,34.31789,-79.02452
33919,NC,Columbus County,3.41,67.27,Riverine,34.31288,-79.03731
33592,NC,Bladen County,0.46,66.82,Riverine,34.834678,-78.824813
33805,NC,Jones County,4.3,66.23,Riverine,35.067472,-77.590084
33921,NC,Columbus County,2.4,66.19,Riverine,34.30723,-79.04385
34035,NC,Columbus County,5.84,62.1,Riverine,34.346524,-78.659913
34028,NC,Columbus County,0.79,61.85,Riverine,34.33995,-78.67999
33593,NC,Bladen County,3.14,61.48,Riverine,34.75423,-78.78013
33814,SC,Florence County,0.55,60.47,Riverine,33.97511,-79.6817598
33682,NC,Columbus County,2.43,60.42,Riverine,34.3141174,-78.708181
33812,SC,Florence County,0.77,60.08,Riverine,33.97511,-79.6817598
33915,SC,Florence County,0.99,60.07,Riverine,34.25399,-79.67947
33599,NC,Bladen County,3.92,59.6,Riverine,34.73849,-78.74883
33679,NC,Columbus County,3.83,59,Riverine,34.3205933,-78.7012116
34133,NC,Sampson County,3.33,57.53,Riverine,34.794633,-78.303898
33710,SC,Marion County,1.38,57.47,Riverine,34.25028,-79.14722
34131,NC,Bladen County,5.87,57.26,Riverine,34.690593,-78.57878
33715,SC,Marion County,2.95,57,Riverine,34.24167,-79.14861
33685,SC,Marion County,3.17,56.82,Riverine,34.236166,-79.151271
33683,SC,Marion County,2.69,56.64,Riverine,34.234797,-79.150886
33745,SC,Marion County,2.35,56.52,Riverine,34.229,-79.1412
33681,SC,Marion County,2.28,56.47,Riverine,34.233611,-79.1475
34094,NC,Duplin County,5.14,56.28,Riverine,34.95204,-77.874528
33686,SC,Marion County,2.28,56.05,Riverine,34.227779,-79.153377
33748,SC,Marion County,2.38,55.87,Riverine,34.22722,-79.14667
33747,SC,Marion County,2.89,54.6,Riverine,34.2267,-79.1417
34087,NC,Wayne County,1.36,53.9,Riverine,35.227149,-77.846018
33676,NC,Columbus County,3.4,53.03,Riverine,34.3201145,-78.5917296
33876,SC,Marion County,5,53.01,Riverine,34.1912127,-79.1701188
33594,NC,Bladen County,2.2,52.88,Riverine,34.65704,-78.67649
33879,SC,Marion County,6.79,52.56,Riverine,34.1842753,-79.1721324
34042,NC,Bladen County,0.65,52.51,Riverine,34.694569,-78.659167
33598,NC,Bladen County,2.68,52.36,Riverine,34.66933,-78.642244
33884,SC,Marion County,5.96,52.27,Riverine,34.1819791,-79.1722028
33890,SC,Marion County,1.78,52.21,Riverine,34.2043,-79.5409
33887,SC,Marion County,3.45,52.19,Riverine,34.2083,-79.5438
33886,SC,Marion County,4.95,51.82,Riverine,34.1838745,-79.1815694
33891,SC,Marion County,6.1,51.59,Riverine,34.1813156,-79.1852055
33779,NC,Duplin County,8.32,50.94,Riverine,34.909945,-77.838303
33780,NC,Duplin County,5.75,50.61,Riverine,34.9070534,-77.8379688
33781,NC,Duplin County,7.44,50.55,Riverine,34.904681,-77.850691
33963,NC,Sampson County,11.32,49.84,Riverine,34.7214,-78.27119
33597,NC,Bladen County,2.68,49.78,Riverine,34.65162,-78.6095
33595,NC,Bladen County,0.82,49.31,Riverine,34.63134,-78.60496
34062,NC,Brunswick County,1.2,49.28,Riverine,34.04028,-78.068663
34056,NC,Columbus County,3.71,48.28,Riverine,34.268406,-78.61052
33988,SC,Horry County,5.15,47.79,Riverine,34.1437514,-79.2064801
33902,SC,Horry County,3.32,47.41,Riverine,34.1402797,-79.2045845
33949,NC,Bladen County,8.81,46.42,Riverine,34.62144,-78.57993
33900,SC,Marion County,1.33,46.27,Riverine,34.1282926,-79.4558411
33628,NC,Columbus County,1.75,46.04,Riverine,34.2885118,-78.4709423
33894,SC,Marion County,3.36,45.97,Riverine,34.1653303,-79.5142539
33629,NC,Columbus County,1.6,45.88,Riverine,34.2998141,-78.4826394
33898,SC,Marion County,3.6,45.54,Riverine,34.1653303,-79.5142539
33666,NC,Columbus County,1.1,45.18,Riverine,34.2753407,-78.5374571
33671,NC,Columbus County,1.22,45.16,Riverine,34.2917259,-78.5499193
33962,NC,Sampson County,1.18,45.12,Riverine,34.68011,-78.22567
33668,NC,Columbus County,1.57,45.03,Riverine,34.275116,-78.5381534
33630,NC,Columbus County,1.38,45.01,Riverine,34.3112922,-78.5473638
33664,NC,Columbus County,1.63,44.92,Riverine,34.261452,-78.5238234
34064,NC,Sampson County,5.35,44.57,Riverine,34.680224,-78.226153
34162,NC,New Hanover County,0.49,42.71,Riverine,34.287742,-77.827943
33801,NC,Duplin County,3.92,42.34,Riverine,34.8305441,-77.819702
33804,NC,Duplin County,7.02,42.16,Riverine,34.8339217,-77.8274505
33993,SC,Horry County,0.85,41.95,Riverine,34.067696,-79.238783
33553,NC,Greene County,1.96,41.52,Riverine,35.45555,-77.668894
34067,NC,Brunswick County,1.38,41.25,Riverine,34.050024,-78.046982
33802,NC,Duplin County,6.53,41.16,Riverine,34.821617,-77.84063
34059,NC,Brunswick County,1.5,41.14,Riverine,34.04507,-78.056161
34058,NC,Brunswick County,3,41.1,Riverine,34.042385,-78.053648
33979,NC,Onslow County,3.34,40.96,Riverine,34.61327,-77.587056
34039,NC,Columbus County,3.05,40.5,Riverine,34.16772,-78.56064
33994,SC,Horry County,2.8,40.34,Riverine,34.0569147,-79.2465051
34170,NC,New Hanover County,1.38,39.47,Riverine,34.256935,-77.831845
34055,NC,Brunswick County,0.75,38.89,Riverine,34.043265,-78.044745
34047,NC,Brunswick County,1.32,38.82,Riverine,34.04542,-78.037229
33845,NC,Duplin County,7.02,38.76,Riverine,34.7763904,-77.8636131
34057,NC,Brunswick County,2,38.75,Riverine,34.041823,-78.047323
34052,NC,Brunswick County,2,38.74,Riverine,34.034927,-78.054642
34053,NC,Brunswick County,0,38.53,Riverine,34.035676,-78.053119
34107,NC,New Hanover County,1,37.98,Riverine,34.221284,-77.891579
33843,NC,Duplin County,7.88,37.96,Riverine,34.78998,-77.913207
33844,NC,Duplin County,4.99,37.96,Riverine,34.7919826,-77.9058173
33911,SC,Marion County,2.42,37.74,Riverine,33.9462142,-79.4401196
33842,NC,Duplin County,4.8,37.67,Riverine,34.780584,-77.911845
34108,NC,New Hanover County,1.73,37.59,Riverine,34.202129,-77.894399
33841,NC,Duplin County,5.19,37.51,Riverine,34.775016,-77.920252
34041,NC,Brunswick County,4.18,37.4,Riverine,34.09499,-78.54809
33634,NC,Lenoir County,1.75,37.37,Riverine,35.255376,-77.603323
34063,NC,Lenoir County,4.35,37.07,Riverine,35.266443,-77.619361
33909,SC,Marion County,3.85,36.83,Riverine,33.9778609,-79.4174486
33650,NC,Craven County,1,36.8,Riverine,35.2999,-77.3405
33633,NC,Lenoir County,0.81,36.79,Riverine,35.26036,-77.61596
33907,SC,Marion County,4.35,36.4,Riverine,33.9936501,-79.4298464
33964,NC,Sampson County,3.64,36.23,Riverine,34.60331,-78.24006
33905,SC,Marion County,4.38,36.21,Riverine,34.0049027,-79.4578588
33642,NC,Duplin County,1.59,36.13,Riverine,34.7268787,-77.9918468
33643,NC,Pender County,2.98,35.95,Riverine,34.7099648,-77.9864281
34060,NC,Lenoir County,5.12,35.87,Riverine,35.263382,-77.586663
34031,NC,Duplin County,3.45,35.72,Riverine,34.7240639,-77.9818063
33644,NC,Duplin County,4.99,35.5,Riverine,34.724859,-77.973495
33636,NC,Lenoir County,0,35.41,Riverine,35.25859,-77.59203
33637,NC,Lenoir County,0.58,34.74,Riverine,35.245066,-77.586589
34129,NC,Onslow County,3.54,34.09,Riverine,34.757139,-77.543711
33609,NC,Lenoir County,0,33.99,Riverine,35.243029,-77.57918
34871,NC,Greene County,0,33.83,Riverine,35.424707,-77.59386
33631,NC,Greene County,0.95,33.79,Riverine,35.424722,-77.593056
33690,NC,Onslow County,1.85,33.47,Riverine,34.9023408,-77.5346059
33948,NC,Bladen County,11.42,33.07,Riverine,34.47459,-78.36846
33555,NC,Greene County,0.44,32.88,Riverine,35.425591,-77.582988
33838,SC,Marion County,1.64,32.03,Riverine,33.960886,-79.350539
33638,NC,Lenoir County,0,31.36,Riverine,35.253808,-77.567448
33727,NC,Jones County,4.48,30.34,Riverine,35.0669495,-77.3567718
34040,NC,Brunswick County,5.83,29.99,Riverine,34.0132,-78.63366
33938,SC,Florence County,3.47,29.98,Riverine,33.8845942,-79.4098613
33714,NC,Jones County,2.58,29.79,Riverine,35.0641902,-77.3529966
34048,NC,Brunswick County,7.39,29,Riverine,34.04628,-78.03641
34185,NC,New Hanover County,2.95,28.46,Riverine,34.2928992,-77.8460996
34027,NC,Pender County,4.58,27.22,Riverine,34.643976,-77.893047
33848,SC,Horry County,1.15,26.89,Riverine,33.954921,-78.693892
34050,NC,Brunswick County,7.45,26.57,Riverine,34.04663,-78.03576
34049,NC,Brunswick County,10.38,26.33,Riverine,34.04647,-78.03615
33770,SC,Horry County,1.02,25.74,Riverine,33.922393,-78.673536
33965,NC,Bladen County,8.5,25.49,Riverine,34.47448,-78.20018
33943,NC,Pender County,4.11,25.45,Riverine,34.58003,-77.89958
33852,SC,Horry County,3.04,25.16,Riverine,33.935907,-78.723161
33946,NC,Bladen County,2.47,25.11,Riverine,34.463087,-78.320845
34126,NC,Onslow County,3.7,25.11,Riverine,34.730204,-77.54425
33851,SC,Horry County,4.1,25.06,Riverine,33.9549,-78.715835
33967,NC,Pender County,1.98,24.97,Riverine,34.59641,-77.87727
34070,NC,Brunswick County,4,24.95,Riverine,34.047646,-78.036811
33776,SC,Horry County,2.37,24.9,Riverine,33.906054,-78.697107
33973,NC,Pender County,3.86,24.75,Riverine,34.66142,-77.72505
33980,NC,Pender County,3.12,24.64,Riverine,34.65467,-77.70977
34051,NC,Brunswick County,5.53,24.27,Riverine,34.04641,-78.03547
33612,NC,Columbus County,3.75,24.2,Riverine,34.3286909,-78.2187818
33953,NC,Bladen County,4.74,24.16,Riverine,34.41105,-78.25836
33605,NC,Craven County,1.02,24.07,Riverine,35.14794,-77.1088
33858,SC,Horry County,5.2,23.75,Riverine,33.922096,-78.725671
33783,SC,Horry County,1.51,23.61,Riverine,33.902806,-78.702415
33968,NC,Pender County,6.22,23.58,Riverine,34.56024,-77.8393
33773,NC,Onslow County,2.81,23.57,Riverine,34.8887075,-77.2359155
33952,NC,Columbus County,1.15,23.52,Riverine,34.33114,-78.21628
33942,SC,Marion County,0.78,23.43,Riverine,33.847281,-79.2826984
33860,SC,Horry County,0.6,23.29,Riverine,33.912616,-78.746069
33950,SC,Marion County,0.53,23.28,Riverine,33.8481993,-79.2926679
33792,SC,Horry County,1.4,23.22,Riverine,33.866409,-78.733248
33790,SC,Horry County,2.1,23.11,Riverine,33.879266,-78.720758
33864,SC,Horry County,1.88,22.9,Riverine,33.91012,-78.761199
33794,SC,Horry County,2,22.66,Riverine,33.875864,-78.756639
33870,SC,Horry County,2.5,22.31,Riverine,33.904688,-78.772387
33583,NC,Pitt County,0,22.2,Riverine,35.37039,-77.4387
33809,SC,Horry County,1.95,22.17,Riverine,33.869444,-78.774146
33874,SC,Horry County,2.17,21.85,Riverine,33.917325,-78.807967
33877,SC,Horry County,1.67,21.79,Riverine,33.917261,-78.808207
33818,SC,Horry County,1.34,21.77,Riverine,33.865508,-78.802
33970,NC,Pender County,3.8,21.61,Riverine,34.54055,-77.85318
33885,SC,Horry County,1.1,21.6,Riverine,33.907697,-78.828066
33632,NC,Pitt County,0,21.57,Riverine,35.36354,-77.42882
34013,SC,Horry County,4,20.88,Riverine,33.857,-78.866
34015,SC,Horry County,1.2,20.87,Riverine,33.863,-78.871
33772,NC,Jones County,5.93,20.85,Riverine,35.0076253,-77.224158
34073,SC,Horry County,1.92,20.74,Riverine,33.794,-79.177
33998,SC,Horry County,2.95,20.72,Riverine,33.89805,-78.88508
33702,NC,Onslow County,5.15,20.68,Riverine,34.8432608,-77.5010823
34000,SC,Horry County,3.14,20.5,Riverine,33.88757,-78.90382
33709,NC,Onslow County,1.4,20.49,Coastal,34.645653,-77.188103
34016,SC,Horry County,2.25,20.31,Riverine,33.862,-78.885
33767,NC,Jones County,6.55,20.13,Riverine,35.0081542,-77.218457
34018,SC,Horry County,1.15,20.13,Riverine,33.856,-78.891
33961,NC,Pender County,4,20.08,Riverine,34.43451,-78.10749
33734,NC,Onslow County,5.24,19.77,Riverine,34.737598,-77.232462
34011,NC,Pender County,6.56,19.71,Riverine,34.43502,-78.03467
34001,SC,Horry County,1.32,19.68,Riverine,33.854,-78.915
33958,SC,Georgetown County,1.24,19.44,Riverine,33.6873432,-79.3145819
33836,SC,Horry County,1.15,19.41,Riverine,33.849972,-78.894598
34019,SC,Horry County,1.1,19.36,Riverine,33.837,-78.894
34181,NC,New Hanover County,5.67,18.56,Riverine,34.336965,-77.897259
33951,NC,Brunswick County,4.41,18.35,Riverine,34.32176,-78.11721
33983,NC,Pender County,4.75,18.15,Riverine,34.47974,-77.8709
33571,NC,Brunswick County,0.25,18.13,Riverine,34.3119147,-78.1140804
34030,SC,Horry County,1.53,17.74,Riverine,33.8499143,-79.0870065
34115,SC,Horry County,4.61,17.68,Riverine,33.834,-78.957
34020,SC,Horry County,1.1,17.12,Riverine,33.842,-78.977
34006,SC,Horry County,1.74,16.96,Riverine,33.849,-78.996
33982,NC,Pender County,5.29,16.65,Riverine,34.45224,-77.829580000000007
34109,NC,New Hanover County,1.7,16.56,Riverine,34.214637,-77.925877
33775,NC,Onslow County,1.77,16.49,Riverine,34.820031,-77.456793
33777,NC,Onslow County,4.07,16.42,Riverine,34.822384,-77.4579383
34076,SC,Horry County,2.27,15.74,Riverine,33.706,-79.131
34086,SC,Horry County,0.42,15.6,Riverine,33.86389,-79.04393
34036,SC,Horry County,2.4,15.45,Riverine,33.8607613,-79.0576537
34123,SC,Horry County,3.58,15.45,Riverine,33.854,-79.044
34134,SC,Horry County,3.06,15.44,Riverine,33.85299,-79.04788
34034,SC,Horry County,3.25,15.43,Riverine,33.8711343,-79.038317
34088,SC,Horry County,2.45,15.42,Riverine,33.8409,-79.04665
34032,SC,Horry County,1.25,15.4,Riverine,33.8476149,-79.0707117
34009,SC,Horry County,0.74,15.21,Riverine,33.842,-79.031
34876,NC,Craven County,0,15.03,Riverine,35.301135,-77.264727
34095,SC,Horry County,3.12,15.02,Riverine,33.83264,-79.04528
33990,NC,Pender County,7.02,14.99,Riverine,34.44767,-77.80376
33987,NC,Pender County,1.87,14.9,Riverine,34.39301,-77.7678
34148,SC,Horry County,2.35,14.86,Riverine,33.67259,-79.10784
33989,NC,Pender County,3.62,14.67,Riverine,34.3661,-77.80975
34161,SC,Horry County,1.42,14.05,Riverine,33.81429,-79.03775
34054,NC,Pender County,5.1,13.99,Riverine,34.3978732,-77.9089005
34101,SC,Horry County,0.87,13.93,Riverine,33.80943,-79.07713
34159,SC,Horry County,1.62,13.9,Riverine,33.80909,-79.0356
34097,SC,Horry County,1.44,13.87,Riverine,33.83,-79.059
34100,SC,Horry County,0.37,13.77,Riverine,33.82168,-79.06734
34136,SC,Horry County,1.97,13.77,Riverine,33.80967,-79.07031
33976,NC,Carteret County,3.58,13.58,Riverine,34.784784,-76.875653
33769,NC,Onslow County,6.36,13.46,Riverine,34.74831,-77.32991
34157,SC,Horry County,2.37,13.46,Riverine,33.79371,-79.0498
33966,NC,New Hanover County,0.83,13.4,Riverine,34.33189,-78.0003
33771,NC,Onslow County,4.83,13.38,Riverine,34.74831,-77.32991
34106,NC,New Hanover County,0.83,12.89,Riverine,34.23182,-77.909393
33652,NC,Craven County,0.87,12.82,Riverine,35.14915,-77.04272
34144,SC,Horry County,1.44,12.73,Riverine,33.75557,-79.07022
34143,SC,Horry County,0,12.6,Riverine,33.793,-79.071
34118,SC,Horry County,1.87,12.54,Riverine,33.73125,-79.03036
34191,SC,Horry County,3.11,12.34,Riverine,33.72472222,-79.05972222
33941,NC,Carteret County,4.2,12.32,Riverine,34.78442,-76.862882
34142,SC,Horry County,1.6,12.22,Riverine,33.72165,-79.03534
34116,SC,Horry County,1.13,11.82,Riverine,33.71841,-78.95443
33627,NC,Craven County,0.4,11.58,Riverine,34.887621,-76.930228
34117,SC,Horry County,2.56,11.54,Riverine,33.691905,-79.043072
34158,SC,Horry County,0,11.47,Riverine,33.674,-79.055
34072,SC,Horry County,2.42,11.35,Riverine,33.650869,-79.096063
34138,SC,Horry County,1.25,11.3,Riverine,33.65,-79.062
34139,SC,Horry County,0,11.21,Riverine,33.649,-79.062
33868,NC,Craven County,2.6,11.05,Riverine,35.115397,-77.01821
33651,NC,Craven County,0.78,11.01,Riverine,35.15254,-77.04691
34102,SC,Horry County,3.69,11,Riverine,33.69615,-78.98503
34145,SC,Horry County,3.44,10.98,Riverine,33.67985,-79.01085
34092,SC,Horry County,2.67,10.95,Riverine,33.692125,-79.00208
34098,SC,Horry County,2.51,10.89,Riverine,33.68605,-79.00285
34151,SC,Horry County,2.84,10.86,Riverine,33.679774,-79.099328
33537,NC,Craven County,6.95,10.84,Riverine,35.104357,-77.018073
34099,SC,Horry County,4,10.78,Riverine,33.689,-78.991
34141,SC,Horry County,1.25,10.66,Riverine,33.68,-79.041
34096,SC,Horry County,2.49,10.61,Riverine,33.701852,-78.974077
33691,NC,Craven County,4.5,10.48,Riverine,35.124685,-77.051978
33969,NC,New Hanover County,2.82,10.48,Riverine,34.33189,-78.0003
33616,NC,Craven County,0,10.45,Coastal,34.944288,-76.903476
34235,NC,Craven County,0,10.44,Riverine,34.936308,-76.811223
33543,NC,Craven County,3.25,10.38,Riverine,35.078518,-77.10573
33654,NC,Craven County,3.04,10.35,Riverine,35.1516,-77.05141
33541,NC,Craven County,2.15,10.29,Riverine,35.077428,-77.064072
33539,NC,Craven County,2.1,10.24,Riverine,35.104962,-77.037805
33661,NC,Craven County,2.6,10.24,Riverine,35.121212,-77.022047
33615,NC,Craven County,0,10.2,Coastal,35.115731,-77.018293
34112,SC,Horry County,2.78,10.15,Riverine,33.69375,-78.95223
34113,SC,Horry County,0,10.08,Riverine,33.69534,-78.95356
33538,NC,Craven County,0,10.06,Riverine,35.071503,-77.109185
33600,NC,Craven County,6.19,10.05,Coastal,35.065752,-76.967279
33674,NC,Craven County,1.5,10.05,Riverine,35.136474,-77.028118
33540,NC,Craven County,3.81,10,Coastal,35.110039,-77.037436
33563,NC,Pamlico County,4.25,9.91,Riverine,35.005106,-76.864135
34160,NC,Onslow County,4.57,9.88,Riverine,34.750975,-77.343
33922,NC,Pamlico County,0,9.83,Riverine,34.967378,-76.805997
33611,NC,Carteret County,0,9.8,Coastal,34.696829,-76.780765
33656,NC,Craven County,3.21,9.77,Riverine,35.158513,-77.070126
33701,NC,Craven County,0,9.72,Riverine,34.919778,-76.912317
33558,NC,Craven County,3.45,9.6,Riverine,35.056989,-76.955104
33684,NC,Craven County,4.5,9.44,Riverine,35.133012,-77.069771
33920,NC,Pamlico County,0,9.44,Riverine,34.967865,-76.806452
33560,NC,Pamlico County,0.47,9.36,Riverine,34.992279,-76.759294
33925,NC,Pamlico County,0,9.31,Riverine,34.967425,-76.805432
33672,NC,Onslow County,0,9.29,Coastal,34.696856,-77.117066
33923,NC,Pamlico County,0,9.26,Riverine,34.96759,-76.805721
33624,NC,Carteret County,0,9.19,Coastal,34.660431,-77.034415
34026,NC,Pender County,0,9.16,Coastal,34.35518,-77.68603
33882,NC,Beaufort County,0,9.15,Riverine,35.501851,-77.046354
34091,NC,New Hanover County,1.83,9.11,Riverine,34.24044,-77.932055
34078,NC,New Hanover County,2.2,9.01,Riverine,34.2315,-77.913289
34079,NC,New Hanover County,3.4,9.01,Riverine,34.231687,-77.913218
33680,NC,Craven County,0.54,8.92,Riverine,35.232744,-77.141914
34084,NC,New Hanover County,3.75,8.84,Riverine,34.238668,-77.920969
34182,NC,New Hanover County,5,8.83,Riverine,34.263867,-77.88856
34156,NC,Onslow County,5.22,8.72,Riverine,34.752733,-77.348712
34140,SC,Georgetown County,0,8.64,Riverine,33.562,-79.084
33730,NC,Onslow County,0,8.55,Coastal,34.675,-77.13583
33778,NC,Craven County,0.4,8.53,Riverine,35.218721,-77.14855
34045,NC,Pender County,0,8.47,Coastal,34.311221,-77.733077
33766,NC,Pamlico County,5.92,8.44,Riverine,35.1441913,-76.763214
33689,NC,Onslow County,1.32,8.42,Riverine,34.76207,-77.427047
34093,NC,New Hanover County,2.78,8.42,Riverine,34.242561,-77.924939
34152,NC,Onslow County,0.54,8.26,Riverine,34.751734,-77.348863
34083,NC,New Hanover County,2.7,8.24,Riverine,34.248869,-77.927855
33927,NC,Pamlico County,0.8,8.12,Riverine,35.143927,-76.76648
34125,NC,Pamlico County,2.8,8.12,Riverine,35.025469,-76.698315
34128,NC,Pamlico County,2.8,8.1,Riverine,35.025509,-76.698386
33542,NC,Beaufort County,4.62,8.02,Riverine,35.499912,-77.0242208
33892,NC,Beaufort County,0,7.99,Riverine,35.514671,-77.010462
33895,NC,Beaufort County,0,7.97,Riverine,35.514796,-77.010683
33559,NC,Beaufort County,3.13,7.66,Riverine,35.4385485,-76.9721065
33687,NC,Onslow County,4.96,7.56,Riverine,34.750385,-77.434878
33580,NC,Beaufort County,3.11,7.42,Riverine,35.3446208,-76.6640893
33739,NC,Onslow County,1.53,7.4,Coastal,34.70232,-77.19338
33564,NC,Beaufort County,3.79,7.32,Riverine,35.4320183,-76.9679031
33590,NC,Pamlico County,0.78,7.31,Coastal,35.200579,-76.65057
33741,NC,Onslow County,1.66,7.29,Coastal,34.70232,-77.19338
33648,NC,Onslow County,0,7.28,Coastal,34.502881,-77.396644
33589,NC,Pamlico County,3.1,7.25,Coastal,35.14482,-76.64156
33738,NC,Onslow County,2.95,7.24,Riverine,34.71533,-77.2246
34184,NC,New Hanover County,1.9,7.18,Coastal,34.150201,-77.860362
34132,SC,Georgetown County,3.14,7.13,Riverine,33.521,-79.095
33618,NC,Carteret County,0,7.06,Coastal,34.789544,-76.606831
33736,NC,Onslow County,2.39,7.05,Riverine,34.71533,-77.2246
33706,NC,New Hanover County,0,7.04,Coastal,34.21777,-77.81164
34025,NC,Pender County,0,7,Coastal,34.370076,-77.657907
33699,NC,Onslow County,0,6.96,Riverine,34.735524,-77.354216
34153,NC,Carteret County,0,6.92,Riverine,34.722575,-76.946398
34192,NC,New Hanover County,0.57,6.92,Coastal,34.1854188,-77.8390367
34187,NC,New Hanover County,0.92,6.87,Coastal,34.1240801,-77.8713635
33591,NC,Pamlico County,0.7,6.81,Coastal,35.088215,-76.60257
34146,NC,Pamlico County,0,6.74,Riverine,35.082623,-76.600726
34147,NC,Pamlico County,0,6.74,Riverine,35.082097,-76.601428
33857,NC,Beaufort County,0,6.69,Riverine,35.477234,-76.814709
34183,NC,New Hanover County,0,6.63,Coastal,34.15917,-77.855
33940,NC,Carteret County,0,6.62,Riverine,34.761531,-76.728029
33856,NC,Beaufort County,0,6.6,Riverine,35.477259,-76.814772
34082,NC,New Hanover County,0,6.59,Coastal,34.1147267,-77.8769004
33737,NC,Onslow County,0,6.56,Coastal,34.656424,-77.160644
34037,NC,New Hanover County,0,6.55,Coastal,34.107478,-77.879297
33733,NC,Onslow County,0,6.51,Coastal,34.683497,-77.129182
33675,NC,Onslow County,0,6.49,Coastal,34.68535,-77.12341
33688,NC,Onslow County,1.72,6.48,Riverine,34.7421,-77.432723
33582,NC,Beaufort County,2.73,6.41,Riverine,35.3329155291,-76.6273598103
33499,SC,Horry County,0,6.36,Coastal,33.6413888888889,-78.9477777777778
33703,NC,Pamlico County,3.9,6.36,Coastal,35.24464,-76.560641
34119,NC,Onslow County,0,6.34,Coastal,34.56802,-77.274788
34024,NC,Pender County,0,6.29,Coastal,34.39275,-77.6274
34065,NC,Onslow County,0,6.28,Coastal,34.57381,-77.272925
33742,NC,Onslow County,2.25,6.19,Riverine,34.71218,-77.2223
33743,NC,Onslow County,2.37,6.16,Riverine,34.71218,-77.2223
33673,NC,Onslow County,0,6.08,Coastal,34.708201,-77.113566
34012,NC,Pender County,0,6.05,Coastal,34.40612,-77.60685
33977,NC,Carteret County,0.95,6.02,Coastal,34.728649,-76.723177
33670,NC,Onslow County,0,5.98,Coastal,34.69082,-77.11993
33516,SC,Georgetown County,6.86,5.83,Coastal,33.5619444444444,-79.0855555555555
33657,NC,Beaufort County,2.32,5.78,Riverine,35.448756,-76.609707
34089,NC,New Hanover County,1.95,5.78,Riverine,34.0533428,-77.884302
33912,NC,Pamlico County,0,5.76,Riverine,35.244442,-76.592008
33557,NC,Beaufort County,0.92,5.75,Riverine,35.53746,-76.62175
33913,NC,Pamlico County,0,5.69,Riverine,35.244304,-76.59192
33554,NC,Beaufort County,1.85,5.65,Riverine,35.541333,-76.624111
33704,NC,New Hanover County,0,5.65,Coastal,34.114009,-77.924904
34033,NC,New Hanover County,0,5.65,Riverine,34.050471,-77.918004
34111,NC,Onslow County,0,5.6,Riverine,34.656351,-77.350133
34869,NC,Beaufort County,0,5.51,Coastal,35.54,-76.62359
34007,NC,Pender County,0,5.47,Coastal,34.42081,-77.58411
34174,NC,New Hanover County,3.5,5.46,Riverine,34.213995,-77.947065
34004,NC,Pender County,0,5.44,Coastal,34.43528,-77.57399
34103,NC,New Hanover County,0,5.36,Riverine,33.9831455,-77.9196642
33604,NC,Carteret County,1.2,5.32,Coastal,34.797048,-76.456466
33620,NC,Carteret County,0,5.29,Coastal,34.70964,-76.631914
33622,NC,Carteret County,0,5.16,Coastal,34.717491,-76.670984
33647,NC,Onslow County,0,5.15,Coastal,34.57632,-77.396097
34137,SC,Georgetown County,0.94,5.07,Riverine,33.469,-79.138
33500,SC,Horry County,0,5.02,Coastal,33.6025,-78.9738888888889
34003,NC,Pender County,1.6,4.84,Coastal,34.44028,-77.54595
33498,SC,Horry County,0,4.83,Coastal,33.75861,-78.79278
33623,NC,Carteret County,0,4.74,Coastal,34.703854,-76.781326
34029,NC,Onslow County,0,4.68,Coastal,34.4842,-77.50149
34135,SC,Georgetown County,1.33,4.54,Riverine,33.436,-79.182
33984,NC,Onslow County,0,4.4,Coastal,34.51873,-77.39085
33986,NC,Onslow County,0,4.38,Coastal,34.49441,-77.46524
33619,NC,Carteret County,0,4.34,Coastal,34.722456,-76.575262
33501,SC,Horry County,0,4.26,Coastal,33.5797222222222,-79.0033333333333
33526,SC,Georgetown County,0,4.08,Coastal,33.5547222222222,-79.0341666666667
33497,SC,Horry County,0,3.84,Coastal,33.69972,-78.93694
